﻿<?xml version="1.0" encoding="UTF-8"?>

<settings xmlns="http://maven.apache.org/SETTINGS/1.0.0"
	xmlns:xsi="http://www.w3.org/2001/XMLSchema-instance"
	xsi:schemaLocation="http://maven.apache.org/SETTINGS/1.0.0 http://maven.apache.org/xsd/settings-1.0.0.xsd">

	<localRepository>/usr/share/maven/ref/repository</localRepository>

	<servers>
		<server>
			<id>nexus</id>
			<username>admin</username>
			<password>admin123</password>
		</server>
		<server>
			<id>releases</id>
			<username>admin</username>
			<password>admin123</password>
		</server>
		<server>
			<id>snapshots</id>
			<username>admin</username>
			<password>admin123</password>
		</server>
		<server>
			<id>fsdmdept-snapshot</id>
			<username>sunxiangwei</username>
			<password>sunxiangwei</password>
		</server>
		<server>
			<id>fsdmdept-release</id>
			<username>sunxiangwei</username>
			<password>sunxiangwei</password>
		</server>
	</servers>

	<mirrors>
		<mirror>
			<id>nexus</id>
			<mirrorOf>*</mirrorOf>
			<url>http://maven.hikvision.com.cn/nexus/content/groups/public/</url>
		</mirror>
	</mirrors>

	<profiles>
		<profile>
			<id>nexus</id>
			<repositories>
				<repository>
					<id>nexus</id>
					<url>http://central</url>
					<releases>
						<enabled>true</enabled>
					</releases>
					<snapshots>
						<enabled>true</enabled>
					</snapshots>
				</repository>
			</repositories>
			<pluginRepositories>
				<pluginRepository>
					<id>nexus</id>
					<url>http://central</url>
					<releases>
						<enabled>true</enabled>
					</releases>
					<snapshots>
						<enabled>true</enabled>
					</snapshots>
				</pluginRepository>
			</pluginRepositories>
		</profile>
		<profile>
			<id>jdk-1.8</id>
			<activation>
				<activeByDefault>true</activeByDefault>
				<jdk>1.8</jdk>
			</activation>
			<properties>
				<maven.compiler.source>1.8</maven.compiler.source>
				<maven.compiler.target>1.8</maven.compiler.target>
				<maven.compiler.compilerVersion>1.8</maven.compiler.compilerVersion>
			</properties>
		</profile>
	</profiles>
	<activeProfiles>
		<activeProfile>nexus</activeProfile>
	</activeProfiles>
</settings>